"plugin_id","dc(aid)"
amdbbknpahfhdafplabjenapaacedach,15
aomjjhallfgjeglblehebfpbcfeobpgk,5
bbjllphbppobebmjpjcijfbakobcheof,1
cfhdojbkjhnklbpkdaibdccddilifddb,2
chlffgpmiacpedhhbkiomidkjlcfhogd,2
ckjefchnfjhjfedoccjbhjpbncimppeg,11
dajhhgiioackgdldomhppobgjbinhimh,8
dcngeagmmhegagicpcmpinaoklddcgon,1
ddaloccgjfibfpkalenodgehlhkgoahe,6
ebkbgkjhepceaoccefbchcencgmggpci,2
efaidnbmnnnibpcajpcglclefindmkaj,254
fdjamakpfbbddfjaooikfcpapjohcfmg,1
fkepacicchenbjecpbpbclokcabebhah,4
fpckohnjiaonmklkjnlplokplhhijalm,1
gighmmpiobklfepjocnamgkkbiglidom,2
gjalhnomhafafofonpdihihjnbafkipc,1
hddjhjcbioambdhjejhdlobijkdnbggp,20618
hehijbfgiekmjfkfjpbkbammjbdenadd,87
hpoiplhbnkgnpjkkilfahkkcimachkkj,3
ilikenhndcpmliapkmmhoimckaokmihm,1
jccfboncbdccgbgcbhickioeailgpkgb,1
jjkchpdmjjdmalgembblgafllbpcjlei,22027
jlhmfgmfgeifomenelglieieghnjghma,7652
kapenncbbdmooanjhhaokalmincfphkf,517
kgpdpdnaoephdehalonapacdgjhamnbc,4
knipolnnllmklapflnccelgolnpehhpl,5
kpoecbkildamnnchnlgoboipnblgikpn,5
lmjegmlicamnimmfhcmpkclmigmmcbeh,1
mcbpblocgmgfnpjjppndjkmgjaogfceg,1
mhjfbmdgcfjbbpaeojofohoefgiehjai,1
nckgahadagoaajjgafhacjanaoiihapd,5
ncopbgfhmondhmdfjcgecnhoekbghpfc,20151
ndjpnladcallmjemlbaebfadecfhkepb,28
nfhhihlhepgakhgnijobelmpacmhgnid,1
ngpampappnmepgilojfohadhhmbhlaek,1
oeopbcgkkoapgobdbedcemjljbihmemj,3
ohfgljdgelakfkefopgklcohadegdpjf,1
ohgndokldibnndfnjnagojmheejlengn,1
olljnkilmblncgcghhaodkpdcnokhpah,1
ophjlpahpchlmihnnnihgmmeilfjmjjc,1
pkpoicdhlhooickgibfkpebpfpfkhgln,10
ppnbnpeolgkicgegkbkbjmhlideopiji,8
